{
    "app.title": "Crop Yield Prediction and Recommendation",
    "language.label": "Language",
    "language.en": "English",
    "language.mr": "मराठी",
    "predict.title": "Crop Yield Prediction",
    "predict.description": "The prediction model predicts the yield of a crop based on the weather conditions and the location of the field. The model is trained on historical data and can be used to predict the yield of a crop in the future.",
    "predict.button": "Predict",
    "recommend.title": "Crop Recommendation",
    "recommend.description": "The recommendation model recommends a crop based on the weather conditions and the location of the field. The model is trained on historical data and can be used to recommend a crop in the future.",
    "recommend.button": "Recommend",
    "predict.input.state": "State",
    "predict.input.district": "District",
    "predict.input.season": "Season",
    "predict.input.crop": "Crop",
    "predict.input.rainfall": "Rainfall",
    "predict.state.label": "Select State",
    "predict.district.label": "Select District",
    "predict.season.label": "Select Season",
    "predict.crop.label": "Select Crop",
    "predict.rainfall.label": "Rainfall (mm)",
    "recommend.input.state": "State",
    "recommend.input.district": "District",
    "recommend.input.season": "Season",
    "recommend.input.rainfall": "Rainfall",
    "recommend.input.temperature": "Temperature",
    "recommend.input.humidity": "Humidity",
    "recommend.input.ph": "pH",
    "recommend.input.nitrogen": "Nitrogen",
    "recommend.input.potassium": "Potassium",
    "recommend.input.phosphorus": "Phosphorus",
    "recommend.state.label": "Select State",
    "recommend.district.label": "Select District",
    "recommend.season.label": "Select Season",
    "recommend.nitrogen.label": "Nitrogen (mg/kg)",
    "recommend.potassium.label": "Potassium (mg/kg)",
    "recommend.phosphorus.label": "Phosphorus (mg/kg)",
    "recommend.temperature.label": "Temperature (°C)",
    "recommend.humidity.label": "Humidity (%)",
    "recommend.rainfall.label": "Rainfall (mm)",
    "recommend.ph.label": "pH",
    "predict.output": "Predicted Yield",
    "predict.unit": "ton/hectare",
    "recommend.output": "Recommended Crop",
    "season.winter": "Winter",
    "season.wholeyear": "Whole Year",
    "season.summer": "Summer",
    "season.autumn": "Autumn",
    "season.rabi": "Rabi",
    "season.kharif": "Kharif",
    "crop.maize": "Maize",
    "crop.wheat": "Wheat",
    "crop.barley": "Barley",
    "crop.arecanut": "Arecanut",
    "crop.rice": "Rice",
    "crop.banana": "Banana",
    "crop.cashewnut": "Cashewnut",
    "crop.coconut": "Coconut",
    "crop.sugarcane": "Sugarcane",
    "crop.sweetpotato": "Sweet potato",
    "crop.tapioca": "Tapioca",
    "crop.blackpepper": "Black pepper",
    "crop.drychillies": "Dry chillies",
    "crop.turmeric": "Turmeric",
    "crop.moong": "Moong(Green Gram)",
    "crop.urad": "Urad",
    "crop.arhar": "Arhar/Tur",
    "crop.groundnut": "Groundnut",
    "crop.sunflower": "Sunflower",
    "crop.bajra": "Bajra",
    "crop.castorseed": "Castor seed",
    "crop.cotton": "Cotton(lint)",
    "crop.horsegram": "Horse-gram",
    "crop.jowar": "Jowar",
    "crop.korra": "Korra",
    "crop.ragi": "Ragi",
    "crop.gram": "Gram",
    "crop.sesamum": "Sesamum",
    "crop.masoor": "Masoor",
    "crop.linseed": "Linseed",
    "crop.safflower": "Safflower",
    "crop.onion": "Onion",
    "crop.rapeseed": "Rapeseed &Mustard",
    "crop.smallmillets": "Small millets",
    "crop.coriander": "Coriander",
    "crop.potato": "Potato",
    "crop.mesta": "Mesta",
    "crop.nigerseed": "Niger seed",
    "crop.soyabean": "Soyabean",
    "crop.beans": "Beans & Mutter(Vegetable)",
    "crop.bhindi": "Bhindi",
    "crop.brinjal": "Brinjal",
    "crop.grapes": "Grapes",
    "crop.tomato": "Tomato",
    "crop.cabbage": "Cabbage",
    "crop.garlic": "Garlic",
    "crop.cowpea": "Cowpea(Lobia)",
    "crop.paddy": "Paddy",
    "crop.oilseeds": "Oilseeds",
    "crop.jute": "Jute",
    "crop.peas": "Peas & beans(Pulses)",
    "crop.sannhamp": "Sannhamp",
    "crop.khesari": "Khesari",
    "crop.moth": "Moth",
    "crop.guarseed": "Guar Seed",
    "crop.cardamom": "Cardamom",
    "crop.drumstick": "Drum Stick",
    "crop.cauliflower": "Cauliflower",
    "recommendation.crop.chickpea": "chickpea",
    "recommendation.crop.rice": "rice",
    "recommendation.crop.maize": "maize",
    "recommendation.crop.kidneybeans": "kidneybeans",
    "recommendation.crop.pigeonpeas": "pigeonpeas",
    "recommendation.crop.mothbeans": "mothbeans",
    "recommendation.crop.mungbean": "mungbean",
    "recommendation.crop.blackgram": "blackgram",
    "recommendation.crop.lentil": "lentil",
    "recommendation.crop.pomegranate": "pomegranate",
    "recommendation.crop.banaan": "banaan",
    "recommendation.crop.mango": "mango",
    "recommendation.crop.grapes": "grapes",
    "recommendation.crop.watermelon": "watermelon",
    "recommendation.crop.muskmelon": "muskmelon",
    "recommendation.crop.apple": "apple",
    "recommendation.crop.orange": "orange",
    "recommendation.crop.papaya": "papaya",
    "recommendation.crop.coconut": "coconut",
    "recommendation.crop.cotton": "cotton",
    "recommendation.crop.jute": "jute",
    "recommendation.crop.coffee": "coffee",
    "state.andman": "Andaman and Nicobar Islands",
    "state.andhra": "Andhra Pradesh",
    "state.arunachal": "Arunachal Pradesh",
    "state.assam": "Assam",
    "state.bihar": "Bihar",
    "state.chandigarh": "Chandigarh",
    "state.chhattisgarh": "Chhattisgarh",
    "state.dadra": "Dadra and Nagar Haveli",
    "state.goa": "Goa",
    "state.gujarat": "Gujarat",
    "state.haryana": "Haryana",
    "state.himachal": "Himachal Pradesh",
    "state.jammu": "Jammu and Kashmir",
    "state.jharkhand": "Jharkhand",
    "state.karnataka": "Karnataka",
    "state.kerala": "Kerala",
    "state.madhya": "Madhya Pradesh",
    "state.maharashtra": "Maharashtra",
    "state.manipur": "Manipur",
    "state.meghalaya": "Meghalaya",
    "state.mizoram": "Mizoram",
    "state.nagaland": "Nagaland",
    "state.odisha": "Odisha",
    "state.puducherry": "Puducherry",
    "state.punjab": "Punjab",
    "state.rajasthan": "Rajasthan",
    "state.sikkim": "Sikkim",
    "state.tamil": "Tamil Nadu",
    "state.telangana": "Telangana",
    "state.tripura": "Tripura",
    "state.uttarpradesh": "Uttar Pradesh",
    "state.uttarakhand": "Uttarakhand",
    "state.westbengal": "West Bengal",
    "andman.district.nicobar": "NICOBARS",
    "andman.district.northandman": "North and Middle Andaman",
    "andman.district.southandman": "South Andaman",
    "andhra.district.anantapur": "Anantapur",
    "andhra.district.chittoor": "Chittoor",
    "andhra.district.kadapa": "Kadapa",
    "andhra.district.eastgodavari": "East Godavari",
    "andhra.district.guntur": "Guntur",
    "andhra.district.krishna": "Krishna",
    "andhra.district.kurnool": "Kurnool",
    "andhra.district.prakasam": "Prakasam",
    "andhra.district.srikakulam": "Srikakulam",
    "andhra.district.visakhapatnam": "Visakhapatnam",
    "andhra.district.vizianagaram": "Vizianagaram",
    "andhra.district.westgodavari": "West Godavari",
    "arunachal.district.anjaw": "Anjaw",
    "arunachal.district.changlang": "Changlang",
    "arunachal.district.dibangvalley": "Dibang Valley",
    "arunachal.district.eastkameng": "East Kameng",
    "arunachal.district.eastsiang": "East Siang",
    "arunachal.district.kurungkumey": "Kurung Kumey",
    "arunachal.district.lohit": "Lohit",
    "arunachal.district.longding": "Longding",
    "arunachal.district.lowerdibangvalley": "Lower Dibang Valley",
    "arunachal.district.lowersubansiri": "Lower Subansiri",
    "arunachal.district.papum-pare": "Papum Pare",
    "arunachal.district.tawang": "Tawang",
    "arunachal.district.tirap": "Tirap",
    "arunachal.district.uppersiang": "Upper Siang",
    "arunachal.district.uppersubansiri": "Upper Subansiri",
    "arunachal.district.westsiang": "West Siang",
    "arunachal.district.westkameng": "West Kameng",
    "arunachal.district.namsai": "Namsai",
    "assam.district.baksa": "Baksa",
    "assam.district.barpeta": "Barpeta",
    "assam.district.bongaigaon": "Bongaigaon",
    "assam.district.cachar": "Cachar",
    "assam.district.chirang": "Chirang",
    "assam.district.darrang": "Darrang",
    "assam.district.dhemaji": "Dhemaji",
    "assam.district.dhubri": "Dhubri",
    "assam.district.dibrugarh": "Dibrugarh",
    "assam.district.dimahasao": "Dima Hasao",
    "assam.district.goalpara": "Goalpara",
    "assam.district.golaghat": "Golaghat",
    "assam.district.hailakandi": "Hailakandi",
    "assam.district.jorhat": "Jorhat",
    "assam.district.kamrup": "Kamrup",
    "assam.district.kamrupmetro": "Kamrup Metro",
    "assam.district.karbianglong": "Karbi Anglong",
    "assam.district.karimganj": "Karimganj",
    "assam.district.kokrajhar": "Kokrajhar",
    "assam.district.lakhimpur": "Lakhimpur",
    "assam.district.marigaon": "Marigaon",
    "assam.district.nagaon": "Nagaon",
    "assam.district.nalbari": "Nalbari",
    "assam.district.sivasagar": "Sivasagar",
    "assam.district.sonitpur": "Sonitpur",
    "assam.district.tinsukia": "Tinsukia",
    "assam.district.udalguri": "Udalguri",
    "bihar.district.araria": "Araria",
    "bihar.district.aurangabad": "Aurangabad",
    "bihar.district.banka": "Banka",
    "bihar.district.begusarai": "Begusarai",
    "bihar.district.bhojpur": "Bhojpur",
    "bihar.district.buxar": "Buxar",
    "bihar.district.darbhanga": "Darbhanga",
    "bihar.district.bhagalpur": "Bhagalpur",
    "bihar.district.gaya": "Gaya",
    "bihar.district.gopalganj": "Gopalganj",
    "bihar.district.jamui": "Jamui",
    "bihar.district.jehanabad": "Jehanabad",
    "bihar.district.kaimur": "Kaimur (bhabua)",
    "bihar.district.katihar": "Katihar",
    "bihar.district.khagaria": "Khagaria",
    "bihar.district.kishanganj": "Kishanganj",
    "bihar.district.lakhisarai": "Lakhisarai",
    "bihar.district.madhepura": "Madhepura",
    "bihar.district.madhubani": "Madhubani",
    "bihar.district.munger": "Munger",
    "bihar.district.muzaffarpur": "Muzaffarpur",
    "bihar.district.nalanda": "Nalanda",
    "bihar.district.nawada": "Nawada",
    "bihar.district.patna": "Patna",
    "bihar.district.pashchimchamparan": "Pashchim Champaran",
    "bihar.district.purbichamparan": "Purbi Champaran",
    "bihar.district.purnia": "Purnia",
    "bihar.district.rohtas": "Rohtas",
    "bihar.district.saharsa": "Saharsa",
    "bihar.district.samastipur": "Samastipur",
    "bihar.district.saran": "Saran",
    "bihar.district.sheikhpura": "Sheikhpura",
    "bihar.district.sheohar": "Sheohar",
    "bihar.district.sitamarhi": "Sitamarhi",
    "bihar.district.siwan": "Siwan",
    "bihar.district.supaul": "Supaul",
    "bihar.district.vaishali": "Vaishali",
    "bihar.district.arwal": "Arwal",
    "chandigarh.district.chandigarh": "Chandigarh",
    "chhattisgarh.district.balod": "Balod",
    "chhattisgarh.district.balodaBazar": "Baloda Bazar",
    "chhattisgarh.district.balrampur": "Balrampur",
    "chhattisgarh.district.bastar": "Bastar",
    "chhattisgarh.district.bemetara": "Bemetara",
    "chhattisgarh.district.bijapur": "Bijapur",
    "chhattisgarh.district.bilaspur": "Bilaspur",
    "chhattisgarh.district.dantewada": "Dantewada",
    "chhattisgarh.district.dhamtari": "Dhamtari",
    "chhattisgarh.district.durg": "Durg",
    "chhattisgarh.district.gariaband": "Gariaband",
    "chhattisgarh.district.janjgirchampa": "Janjgir-Champa",
    "chhattisgarh.district.jashpur": "Jashpur",
    "chhattisgarh.district.kabirdham": "Kabirdham",
    "chhattisgarh.district.kanker": "Kanker",
    "chhattisgarh.district.kondagaon": "Kondagaon",
    "chhattisgarh.district.korba": "Korba",
    "chhattisgarh.district.korea": "Korea",
    "chhattisgarh.district.mahasamund": "Mahasamund",
    "chhattisgarh.district.mungeli": "Mungeli",
    "chhattisgarh.district.narayanpur": "Narayanpur",
    "chhattisgarh.district.raigarh": "Raigarh",
    "chhattisgarh.district.raipur": "Raipur",
    "chhattisgarh.district.rajnandgaon": "Rajnandgaon",
    "chhattisgarh.district.sarguja": "Sarguja",
    "chhattisgarh.district.sukma": "Sukma",
    "chhattisgarh.district.surajpur": "Surajpur",
    "dadraandnagar.district.dadra": "Dadra and Nagar Haveli",
    "goa.district.northgoa": "North Goa",
    "goa.district.southgoa": "South Goa",
    "gujarat.district.ahmedabad": "Ahmedabad",
    "gujarat.district.banaskantha": "Banas Kantha",
    "gujarat.district.bharuch": "Bharuch",
    "gujarat.district.dang": "Dang",
    "gujarat.district.gandhinagar": "Gandhinagar",
    "gujarat.district.kheda": "Kheda",
    "gujarat.district.mahesana": "Mahesana",
    "gujarat.district.panchmahals": "Panch Mahals",
    "gujarat.district.sabarkantha": "Sabar Kantha",
    "gujarat.district.surat": "Surat",
    "gujarat.district.vadodara": "Vadodara",
    "gujarat.district.valsad": "Valsad",
    "gujarat.district.tapi": "Tapi",
    "gujarat.district.anand": "Anand",
    "gujarat.district.dohad": "Dohad",
    "gujarat.district.narmada": "Narmada",
    "gujarat.district.navsari": "Navsari",
    "gujarat.district.patan": "Patan",
    "haryana.district.ambala": "Ambala",
    "haryana.district.bhiwani": "Bhiwani",
    "haryana.district.faridabad": "Faridabad",
    "haryana.district.fatehabad": "Fatehabad",
    "haryana.district.gurgaon": "Gurgaon",
    "haryana.district.hisar": "Hisar",
    "haryana.district.jhajjar": "Jhajjar",
    "haryana.district.jind": "Jind",
    "haryana.district.kaithal": "Kaithal",
    "haryana.district.karnal": "Karnal",
    "haryana.district.kurukshetra": "Kurukshetra",
    "haryana.district.mahendragarh": "Mahendragarh",
    "haryana.district.panchkula": "Panchkula",
    "haryana.district.panipat": "Panipat",
    "haryana.district.rewari": "Rewari",
    "haryana.district.rohtak": "Rohtak",
    "haryana.district.sirsa": "Sirsa",
    "haryana.district.sonipat": "Sonipat",
    "haryana.district.yamunanagar": "Yamunanagar",
    "haryana.district.mewat": "Mewat",
    "haryana.district.palwal": "Palwal",
    "himachal.district.bilaspur": "Bilaspur",
    "himachal.district.chamba": "Chamba",
    "himachal.district.hamirpur": "Hamirpur",
    "himachal.district.kangra": "Kangra",
    "himachal.district.kinnaur": "Kinnaur",
    "himachal.district.kullu": "Kullu",
    "himachal.district.lahaulandspiti": "Lahaul and Spiti",
    "himachal.district.mandi": "Mandi",
    "himachal.district.shimla": "Shimla",
    "himachal.district.sirmaur": "Sirmaur",
    "himachal.district.solan": "Solan",
    "himachal.district.una": "Una",
    "jammuandkashmir.district.anantnag": "Anantnag",
    "jammuandkashmir.district.badgam": "Badgam",
    "jammuandkashmir.district.baramulla": "Baramulla",
    "jammuandkashmir.district.doda": "Doda",
    "jammuandkashmir.district.jammu": "Jammu",
    "jammuandkashmir.district.kargil": "Kargil",
    "jammuandkashmir.district.kathua": "Kathua",
    "jammuandkashmir.district.kupwara": "Kupwara",
    "jammuandkashmir.district.lehladakh": "Leh Ladakh",
    "jammuandkashmir.district.poonch": "Poonch",
    "jammuandkashmir.district.pulwama": "Pulwama",
    "jammuandkashmir.district.rajouri": "Rajouri",
    "jammuandkashmir.district.srinagar": "Srinagar",
    "jammuandkashmir.district.udhampur": "Udhampur",
    "jammuandkashmir.district.bandipora": "Bandipora",
    "jammuandkashmir.district.ganderbal": "Ganderbal",
    "jammuandkashmir.district.kishtwar": "Kishtwar",
    "jammuandkashmir.district.kulgam": "Kulgam",
    "jammuandkashmir.district.ramban": "Ramban",
    "jammuandkashmir.district.reasi": "Reasi",
    "jammuandkashmir.district.samba": "Samba",
    "jammuandkashmir.district.shopian": "Shopian",
    "jharkhand.district.bokaro": "Bokaro",
    "jharkhand.district.chatra": "Chatra",
    "jharkhand.district.deoghar": "Deoghar",
    "jharkhand.district.dhanbad": "Dhanbad",
    "jharkhand.district.dumka": "Dumka",
    "jharkhand.district.eastsinghbum": "East Singhbhum",
    "jharkhand.district.garhwa": "Garhwa",
    "jharkhand.district.giridih": "Giridih",
    "jharkhand.district.godda": "Godda",
    "jharkhand.district.gumla": "Gumla",
    "jharkhand.district.hazaribag": "Hazaribag",
    "jharkhand.district.koderma": "Koderma",
    "jharkhand.district.lohardaga": "Lohardaga",
    "jharkhand.district.pakur": "Pakur",
    "jharkhand.district.palamu": "Palamu",
    "jharkhand.district.ranchi": "Ranchi",
    "jharkhand.district.sahibganj": "Sahibganj",
    "jharkhand.district.westsinghbum": "West Singhbhum",
    "jharkhand.district.jamtara": "Jamtara",
    "jharkhand.district.latehar": "Latehar",
    "jharkhand.district.saraikelakharsawan": "Saraikela Kharsawan",
    "jharkhand.district.simdega": "Simdega",
    "jharkhand.district.khunti": "Khunti",
    "jharkhand.district.ramgarh": "Ramgarh",
    "karnataka.district.bagalkot": "Bagalkot",
    "karnataka.district.belgaum": "Belgaum",
    "karnataka.district.bellary": "Bellary",
    "karnataka.district.bidar": "Bidar",
    "karnataka.district.bijapur": "Bijapur",
    "karnataka.district.dharwad": "Dharwad",
    "karnataka.district.gadag": "Gadag",
    "karnataka.district.gulbarga": "Gulbarga",
    "karnataka.district.haveri": "Haveri",
    "karnataka.district.koppal": "Koppal",
    "karnataka.district.raichur": "Raichur",
    "karnataka.district.yadgir": "Yadgir",
    "karnataka.district.bangalorerural": "Bangalore Rural",
    "karnataka.district.bangaloreurban": "Bangalore Urban",
    "karnataka.district.chikmagalur": "Chikmagalur",
    "karnataka.district.chitradurga": "Chitradurga",
    "karnataka.district.hassan": "Hassan",
    "karnataka.district.kodagu": "Kodagu",
    "karnataka.district.kolar": "Kolar",
    "karnataka.district.mandya": "Mandya",
    "karnataka.district.mysore": "Mysore",
    "karnataka.district.shimoga": "Shimoga",
    "karnataka.district.tumkur": "Tumkur",
    "karnataka.district.chamarajanagar": "Chamarajanagar",
    "karnataka.district.chikkaballapur": "Chikkaballapur",
    "karnataka.district.davanagere": "Davanagere",
    "karnataka.district.ramanagara": "Ramanagara",
    "karnataka.district.dakshinkannada": "Dakshinkannada",
    "karnataka.district.uttarkannada": "Uttarkannada",
    "karnataka.district.udupi": "Udupi",
    "kerala.district.alappuzha": "Alappuzha",
    "kerala.district.ernakulam": "Ernakulam",
    "kerala.district.idukki": "Idukki",
    "kerala.district.kannur": "Kannur",
    "kerala.district.kozhikode": "Kozhikode",
    "kerala.district.kottayam": "Kottayam",
    "kerala.district.kasaragod": "Kasaragod",
    "kerala.district.kollam": "Kollam",
    "kerala.district.malappuram": "Malappuram",
    "kerala.district.palakkad": "Palakkad",
    "kerala.district.pathanamthitta": "Pathanamthitta",
    "kerala.district.thiruvananthapuram": "Thiruvananthapuram",
    "kerala.district.thrissur": "Thrissur",
    "kerala.district.wayanad": "Wayanad",
    "madhya_pradesh.district.alirajpur": "Alirajpur",
    "madhya_pradesh.district.agarmalwa": "Agar Malwa",
    "madhya_pradesh.district.ashoknagar": "Ashoknagar",
    "madhya_pradesh.district.barwani": "Barwani",
    "madhya_pradesh.district.betul": "Betul",
    "madhya_pradesh.district.bhind": "Bhind",
    "madhya_pradesh.district.bhopal": "Bhopal",
    "madhya_pradesh.district.burhanpur": "Burhanpur",
    "madhya_pradesh.district.datia": "Datia",
    "madhya_pradesh.district.dewas": "Dewas",
    "madhya_pradesh.district.dhar": "Dhar",
    "madhya_pradesh.district.guna": "Guna",
    "madhya_pradesh.district.gwalior": "Gwalior",
    "madhya_pradesh.district.harda": "Harda",
    "madhya_pradesh.district.indore": "Indore",
    "madhya_pradesh.district.jhabua": "Jhabua",
    "madhya_pradesh.district.khandwa": "Khandwa",
    "madhya_pradesh.district.khargone": "Khargone",
    "madhya_pradesh.district.mandsaur": "Mandsaur",
    "madhya_pradesh.district.morena": "Morena",
    "madhya_pradesh.district.neemuch": "Neemuch",
    "madhya_pradesh.district.raisen": "Raisen",
    "madhya_pradesh.district.rajgarh": "Rajgarh",
    "madhya_pradesh.district.ratlam": "Ratlam",
    "madhya_pradesh.district.sehore": "Sehore",
    "madhya_pradesh.district.shajapur": "Shajapur",
    "madhya_pradesh.district.sheopur": "Sheopur",
    "madhya_pradesh.district.shivpuri": "Shivpuri",
    "madhya_pradesh.district.ujjain": "Ujjain",
    "madhya_pradesh.district.vidisha": "Vidisha",
    "madhya_pradesh.district.chhatarpur": "Chhatarpur",
    "madhya_pradesh.district.chhindwara": "Chhindwara",
    "madhya_pradesh.district.damoh": "Damoh",
    "madhya_pradesh.district.anuppur": "Anuppur",
    "madhya_pradesh.district.balaghat": "Balaghat",
    "madhya_pradesh.district.dindori": "Dindori",
    "madhya_pradesh.district.hoshangabad": "Hoshangabad",
    "madhya_pradesh.district.jabalpur": "Jabalpur",
    "madhya_pradesh.district.kaini": "Kaini",
    "madhya_pradesh.district.mandla": "Mandla",
    "madhya_pradesh.district.narsinghpur": "Narsinghpur",
    "madhya_pradesh.district.panna": "Panna",
    "madhya_pradesh.district.rewa": "Rewa",
    "madhya_pradesh.district.sagar": "Sagar",
    "madhya_pradesh.district.satna": "Satna",
    "madhya_pradesh.district.seoni": "Seoni",
    "madhya_pradesh.district.shahdol": "Shahdol",
    "madhya_pradesh.district.sidhi": "Sidhi",
    "madhya_pradesh.district.singrauli": "Singrauli",
    "madhya_pradesh.district.tikamgarh": "Tikamgarh",
    "madhya_pradesh.district.umaria": "Umaria",
    "maharashtra.district.ahmednagar": "Ahmednagar",
    "maharashtra.district.dhule": "Dhule",
    "maharashtra.district.jalgaon": "Jalgaon",
    "maharashtra.district.kolhapur": "Kolhapur",
    "maharashtra.district.nashik": "Nashik",
    "maharashtra.district.pune": "Pune",
    "maharashtra.district.solapur": "Solapur",
    "maharashtra.district.sangli": "Sangli",
    "maharashtra.district.satara": "Satara",
    "maharashtra.district.nandurbar": "Nandurbar",
    "maharashtra.district.akola": "Akola",
    "maharashtra.district.amravati": "Amravati",
    "maharashtra.district.aurangabad": "Aurangabad",
    "maharashtra.district.bhandara": "Bhandara",
    "maharashtra.district.buldhana": "Buldhana",
    "maharashtra.district.chandrapur": "Chandrapur",
    "maharashtra.district.jalna": "Jalna",
    "maharashtra.district.gadchiroli": "Gadchiroli",
    "maharashtra.district.nagpur": "Nagpur",
    "maharashtra.district.nanded": "Nanded",
    "maharashtra.district.wardha": "Wardha",
    "maharashtra.district.yavatmal": "Yavatmal",
    "maharashtra.district.gondia": "Gondia",
    "maharashtra.district.washim": "Washim",
    "maharashtra.district.beed": "Beed",
    "maharashtra.district.latur": "Latur",
    "maharashtra.district.osmanabad": "Osmanabad",
    "maharashtra.district.hingoli": "Hingoli",
    "manipur.district.bishnupur": "Bishnupur",
    "manipur.district.chandel": "Chandel",
    "manipur.district.churachandpur": "Churachandpur",
    "manipur.district.imphaleast": "Imphal East",
    "manipur.district.imphalwest": "Imphal West",
    "manipur.district.senapati": "Senapati",
    "manipur.district.tamenglong": "Tamenglong",
    "manipur.district.thoubal": "Thoubal",
    "manipur.district.ukhrul": "Ukhrul",
    "meghalaya.district.eastgarohills": "East Garo Hills",
    "meghalaya.district.eastjaintia": "East Jaintia Hills",
    "meghalaya.district.eastkhasi": "East Khasi Hills",
    "meghalaya.district.northgarohills": "North Garo Hills",
    "meghalaya.district.southgarohills": "South Garo Hills",
    "meghalaya.district.ribhoi": "Ri Bhoi",
    "meghalaya.district.westgarohills": "West Garo Hills",
    "meghalaya.district.westjaintia": "West Jaintia Hills",
    "meghalaya.district.westkhasi": "West Khasi Hills",
    "meghalaya.district.southwestgaro": "South West Garo Hills",
    "meghalaya.district.southwestkhasi": "South West Khasi Hills",
    "mizoram.district.aizawl": "Aizawl",
    "mizoram.district.champhai": "Champhai",
    "mizoram.district.kolasib": "Kolasib",
    "mizoram.district.lawngtlai": "Lawngtlai",
    "mizoram.district.lunglei": "Lunglei",
    "mizoram.district.mamit": "Mamit",
    "mizoram.district.saiha": "Saiha",
    "mizoram.district.serchhip": "Serchhip",
    "nagaland.district.dimapur": "Dimapur",
    "nagaland.district.kiphire": "Kiphire",
    "nagaland.district.kohima": "Kohima",
    "nagaland.district.longleng": "Longleng",
    "nagaland.district.mokokchung": "Mokokchung",
    "nagaland.district.mon": "Mon",
    "nagaland.district.peren": "Peren",
    "nagaland.district.phek": "Phek",
    "nagaland.district.tuensang": "Tuensang",
    "nagaland.district.wokha": "Wokha",
    "nagaland.district.zunheboto": "Zunheboto",
    "odisha.district.balangir": "Balangir",
    "odisha.district.balasore": "Balasore",
    "odisha.district.bargarh": "Bargarh",
    "odisha.district.bhadrak": "Bhadrak",
    "odisha.district.boudh": "Boudh",
    "odisha.district.cuttack": "Cuttack",
    "odisha.district.deogarh": "Deogarh",
    "odisha.district.dhenkanal": "Dhenkanal",
    "odisha.district.gajapati": "Gajapati",
    "odisha.district.ganjam": "Ganjam",
    "odisha.district.jagatsinghapur": "Jagatsinghapur",
    "odisha.district.jajpur": "Jajpur",
    "odisha.district.jharsuguda": "Jharsuguda",
    "odisha.district.kalahandi": "Kalahandi",
    "odisha.district.kandhamal": "Kandhamal",
    "odisha.district.kendrapara": "Kendrapara",
    "odisha.district.kendujhar": "Kendujhar",
    "odisha.district.khordha": "Khordha",
    "odisha.district.koraput": "Koraput",
    "odisha.district.malkangiri": "Malkangiri",
    "odisha.district.mayurbhanj": "Mayurbhanj",
    "odisha.district.nabarangpur": "Nabarangpur",
    "odisha.district.nayagarh": "Nayagarh",
    "odisha.district.nuapada": "Nuapada",
    "odisha.district.puri": "Puri",
    "odisha.district.rayagada": "Rayagada",
    "odisha.district.sambalpur": "Sambalpur",
    "odisha.district.sonepur": "Sonepur",
    "odisha.district.sundargarh": "Sundargarh",
    "odisha.district.anugul": "Anugul",
    "punjab.district.amritsar": "Amritsar",
    "punjab.district.barnala": "Barnala",
    "punjab.district.bathinda": "Bathinda",
    "punjab.district.firozpur": "Firozpur",
    "punjab.district.faridkot": "Faridkot",
    "punjab.district.fatehgarh": "Fatehgarh",
    "punjab.district.fazilka": "Fazilka",
    "punjab.district.gurdaspur": "Gurdaspur",
    "punjab.district.hoshiarpur": "Hoshiarpur",
    "punjab.district.jalandhar": "Jalandhar",
    "punjab.district.kapurthala": "Kapurthala",
    "punjab.district.ludhiana": "Ludhiana",
    "punjab.district.mansa": "Mansa",
    "punjab.district.moga": "Moga",
    "punjab.district.muktsar": "Muktsar",
    "punjab.district.nawanshahr": "Nawanshahr",
    "punjab.district.patiala": "Patiala",
    "punjab.district.rupnagar": "Rupnagar",
    "punjab.district.sangrur": "Sangrur",
    "punjab.district.sahib": "Sahib",
    "punjab.district.pathankot": "Pathankot",
    "punjab.district.sasnagar": "S.A.S. Nagar",
    "punjab.district.tarntaran": "Tarntaran",
    "puducherry.district.karaikal": "Karaikal",
    "puducherry.district.mahe": "Mahe",
    "puducherry.district.pondicherry": "Pondicherry",
    "puducherry.district.yanam": "Yanam",
    "rajasthan.district.ajmer": "Ajmer",
    "rajasthan.district.alwar": "Alwar",
    "rajasthan.district.banswara": "Banswara",
    "rajasthan.district.baran": "Baran",
    "rajasthan.district.barmer": "Barmer",
    "rajasthan.district.bharatpur": "Bharatpur",
    "rajasthan.district.bhilwara": "Bhilwara",
    "rajasthan.district.bikaner": "Bikaner",
    "rajasthan.district.bundi": "Bundi",
    "rajasthan.district.chittorgarh": "Chittorgarh",
    "rajasthan.district.churu": "Churu",
    "rajasthan.district.dholpur": "Dholpur",
    "rajasthan.district.dungarpur": "Dungarpur",
    "rajasthan.district.hanumangarh": "Hanumangarh",
    "rajasthan.district.jaipur": "Jaipur",
    "rajasthan.district.jaisalmer": "Jaisalmer",
    "rajasthan.district.jalore": "Jalore",
    "rajasthan.district.jhalawar": "Jhalawar",
    "rajasthan.district.jhunjhunu": "Jhunjhunu",
    "rajasthan.district.jodhpur": "Jodhpur",
    "rajasthan.district.dausa": "Dausa",
    "rajasthan.district.karauli": "Karauli",
    "rajasthan.district.kota": "Kota",
    "rajasthan.district.nagaur": "Nagaur",
    "rajasthan.district.pali": "Pali",
    "rajasthan.district.pratapgarh": "Pratapgarh",
    "rajasthan.district.rajsamand": "Rajsamand",
    "rajasthan.district.sawaimadhopur": "Sawaimadhopur",
    "rajasthan.district.sikar": "Sikar",
    "rajasthan.district.sirohi": "Sirohi",
    "rajasthan.district.tonk": "Tonk",
    "rajasthan.district.udaipur": "Udaipur",
    "sikkim.district.eastdistrict": "East District",
    "sikkim.district.northdistrict": "North District",
    "sikkim.district.southdistrict": "South District",
    "sikkim.district.westdistrict": "West District",
    "tamilnadu.district.ariyalur": "Ariyalur",
    "tamilnadu.district.coimbatore": "Coimbatore",
    "tamilnadu.district.cuddalore": "Cuddalore",
    "tamilnadu.district.dharmapuri": "Dharmapuri",
    "tamilnadu.district.dindigul": "Dindigul",
    "tamilnadu.district.erode": "Erode",
    "tamilnadu.district.kanchipuram": "Kanchipuram",
    "tamilnadu.district.kanniyakumari": "Kanniyakumari",
    "tamilnadu.district.karur": "Karur",
    "tamilnadu.district.krishnagiri": "Krishnagiri",
    "tamilnadu.district.madurai": "Madurai",
    "tamilnadu.district.nagapattinam": "Nagapattinam",
    "tamilnadu.district.namakkal": "Namakkal",
    "tamilnadu.district.perambalur": "Perambalur",
    "tamilnadu.district.pudukkottai": "Pudukkottai",
    "tamilnadu.district.ramanathapuram": "Ramanathapuram",
    "tamilnadu.district.sivaganga": "Sivaganga",
    "tamilnadu.district.thanjavur": "Thanjavur",
    "tamilnadu.district.theni": "Theni",
    "tamilnadu.district.thiruvallur": "Thiruvallur",
    "tamilnadu.district.thiruvarur": "Thiruvarur",
    "tamilnadu.district.salem": "Salem",
    "tamilnadu.district.thenilgiris": "The Nilgiris",
    "tamilnadu.district.tiruchirappalli": "Tiruchirappalli",
    "tamilnadu.district.tirunelveli": "Tirunelveli",
    "tamilnadu.district.tiruppur": "Tiruppur",
    "tamilnadu.district.tiruvannamalai": "Tiruvannamalai",
    "tamilnadu.district.vellore": "Vellore",
    "tamilnadu.district.viluppuram": "Viluppuram",
    "tamilnadu.district.virudhunagar": "Virudhunagar",
    "tamilnadu.district.tuticorin": "Tuticorin",
    "telangana.district.adilabad": "Adilabad",
    "telangana.district.hyderabad": "Hyderabad",
    "telangana.district.karimnagar": "Karimnagar",
    "telangana.district.khammam": "Khammam",
    "telangana.district.mahbubnagar": "Mahbubnagar",
    "telangana.district.medak": "Medak",
    "telangana.district.nalgonda": "Nalgonda",
    "telangana.district.nizamabad": "Nizamabad",
    "telangana.district.rangareddy": "Rangareddy",
    "telangana.district.warangal": "Warangal",
    "tripura.district.dhalai": "Dhalai",
    "tripura.district.gomati": "Gomati",
    "tripura.district.khowai": "Khowai",
    "tripura.district.northtripura": "North Tripura",
    "tripura.district.sepahijala": "Sepahijala",
    "tripura.district.southtripura": "South Tripura",
    "tripura.district.unakoti": "Unakoti",
    "tripura.district.westtripura": "West Tripura",
    "uttarpradesh.district.allahabad": "Allahabad",
    "uttarpradesh.district.ambedkarnagar": "Ambedkar Nagar",
    "uttarpradesh.district.amethi": "Amethi",
    "uttarpradesh.district.azamgarh": "Azamgarh",
    "uttarpradesh.district.bahraich": "Bahraich",
    "uttarpradesh.district.ballia": "Ballia",
    "uttarpradesh.district.basti": "Basti",
    "uttarpradesh.district.balrampur": "Balrampur",
    "uttarpradesh.district.barabanki": "Barabanki",
    "uttarpradesh.district.budaun": "Budaun",
    "uttarpradesh.district.chandauli": "Chandauli",
    "uttarpradesh.district.deoria": "Deoria",
    "uttarpradesh.district.faizabad": "Faizabad",
    "uttarpradesh.district.ghaziabad": "Ghaziabad",
    "uttarpradesh.district.gorakhpur": "Gorakhpur",
    "uttarpradesh.district.gonda": "Gonda",
    "uttarpradesh.district.hardoi": "Hardoi",
    "uttarpradesh.district.jalaun": "Jalaun",
    "uttarpradesh.district.jaunpur": "Jaunpur",
    "uttarpradesh.district.kannauj": "Kannauj",
    "uttarpradesh.district.kaushambi": "Kaushambi",
    "uttarpradesh.district.kheri": "Kheri",
    "uttarpradesh.district.kushinagar": "Kushi Nagar",
    "uttarpradesh.district.mau": "Mau",
    "uttarpradesh.district.mirzapur": "Mirzapur",
    "uttarpradesh.district.pratapgarh": "Pratapgarh",
    "uttarpradesh.district.santkabirnagar": "Sant Kabir Nagar",
    "uttarpradesh.district.santravidasnagar": "Sant Ravidas Nagar",
    "uttarpradesh.district.shravasti": "Shravasti",
    "uttarpradesh.district.sitapur": "Sitapur",
    "uttarpradesh.district.sultanpur": "Sultanpur",
    "uttarpradesh.district.varanasi": "Varanasi",
    "uttarakhand.district.almora": "Almora",
    "uttarakhand.district.bageshwar": "Bageshwar",
    "uttarakhand.district.chamoli": "Chamoli",
    "uttarakhand.district.champawat": "Champawat",
    "uttarakhand.district.dehradun": "Dehradun",
    "uttarakhand.district.haridwar": "Haridwar",
    "uttarakhand.district.nainital": "Nainital",
    "uttarakhand.district.paurigarhwal": "Pauri Garhwal",
    "uttarakhand.district.pithoragarh": "Pithoragarh",
    "uttarakhand.district.rudraprayag": "Rudra Prayag",
    "uttarakhand.district.tehrigarhwal": "Tehri Garhwal",
    "uttarakhand.district.udhamsinghnagar": "Udham Singh Nagar",
    "uttarakhand.district.uttarkashi": "Uttarkashi",
    "westbengal.district.birbhum": "Birbhum",
    "westbengal.district.bankura": "Bankura",
    "westbengal.district.bardhaman": "Bardhaman",
    "westbengal.district.dinjapurdakshin": "Dinajpur Dakshin",
    "westbengal.district.dinajpuruttar": "Dinajpur Uttar",
    "westbengal.district.hoogly": "Hooghly",
    "westbengal.district.howrah": "Howrah",
    "westbengal.district.maldah": "Maldah",
    "westbengal.district.murshidabad": "Murshidabad",
    "westbengal.district.nadia": "Nadia",
    "westbengal.district.24paraganasnorth": "24 Paraganas North",
    "westbengal.district.24paraganassouth": "24 Paraganas South",
    "westbengal.district.madinpureast": "Madinpur East",
    "westbengal.district.madinpurwest": "Madinpur West",
    "westbengal.district.purulia": "Purulia"
}